timestamp,platform,event,date,venue,min_price,max_price,currency,url
2026-06-07T02:30:41.862393+00:00,'Reddit r/WorldCup2026Tickets','Selling France vs Senegal ($600)','','',600.0,'',USD,'https://www.reddit.com/r/WorldCup2026Tickets/comments/1tyz31h/selling_france_vs_senegal_600/'
2026-06-07T02:30:41.862393+00:00,'Reddit r/WorldCup2026Tickets','M26 Switzerland vs Bosnia and Herzegovina- Sofi Stadium $320/ticket','','',320.0,'',USD,'https://www.reddit.com/r/WorldCup2026Tickets/comments/1tywwtu/m26_switzerland_vs_bosnia_and_herzegovina_sofi/'
2026-06-07T02:30:41.862393+00:00,'Reddit r/WorldCup2026Tickets','4 Tickets Switzerland vs Bosnia - $375 each, Category 1','','',375.0,'',USD,'https://www.reddit.com/r/WorldCup2026Tickets/comments/1tysqq8/4_tickets_switzerland_vs_bosnia_375_each_category/'
2026-06-07T02:30:41.862393+00:00,'Reddit r/WorldCup2026Tickets',"Still have ticket for Switzerland vs qatar it's bleachers I'm more than likely going but if anyone is interested lmk $22",'','',220.0,'',USD,'https://www.reddit.com/r/WorldCup2026Tickets/comments/1twp5ti/still_have_ticket_for_switzerland_vs_qatar_its/'
2026-06-07T02:30:41.862393+00:00,'Reddit r/WorldCup2026Tickets','Selling 2x USA vs AUS, Cat 3, Block 319, Row Y, Seats 5 & 6, $2000 Each, Open to Negotiate','','',2000.0,'',USD,'https://www.reddit.com/r/WorldCup2026Tickets/comments/1tyvr36/selling_2x_usa_vs_aus_cat_3_block_319_row_y_seats/'
2026-06-07T02:30:41.862393+00:00,'Reddit r/WorldCup2026Tickets','New Zealand / Iran June 15th - Category 1 tickets. $535USD each','','',535.0,'',USD,'https://www.reddit.com/r/WorldCup2026Tickets/comments/1typr6l/new_zealand_iran_june_15th_category_1_tickets/'
2026-06-07T02:31:27.753056+00:00,'Reddit r/WorldCup2026Tickets','Selling France vs Senegal ($600)','','',600.0,'',USD,'https://www.reddit.com/r/WorldCup2026Tickets/comments/1tyz31h/selling_france_vs_senegal_600/'
2026-06-07T02:31:27.753056+00:00,'Reddit r/WorldCup2026Tickets','M26 Switzerland vs Bosnia and Herzegovina- Sofi Stadium $320/ticket','','',320.0,'',USD,'https://www.reddit.com/r/WorldCup2026Tickets/comments/1tywwtu/m26_switzerland_vs_bosnia_and_herzegovina_sofi/'
2026-06-07T02:31:27.753056+00:00,'Reddit r/WorldCup2026Tickets','4 Tickets Switzerland vs Bosnia - $375 each, Category 1','','',375.0,'',USD,'https://www.reddit.com/r/WorldCup2026Tickets/comments/1tysqq8/4_tickets_switzerland_vs_bosnia_375_each_category/'
2026-06-07T02:31:27.753056+00:00,'Reddit r/WorldCup2026Tickets',"Still have ticket for Switzerland vs qatar it's bleachers I'm more than likely going but if anyone is interested lmk $22",'','',220.0,'',USD,'https://www.reddit.com/r/WorldCup2026Tickets/comments/1twp5ti/still_have_ticket_for_switzerland_vs_qatar_its/'
2026-06-07T02:31:27.753056+00:00,'Reddit r/WorldCup2026Tickets','Selling 2x USA vs AUS, Cat 3, Block 319, Row Y, Seats 5 & 6, $2000 Each, Open to Negotiate','','',2000.0,'',USD,'https://www.reddit.com/r/WorldCup2026Tickets/comments/1tyvr36/selling_2x_usa_vs_aus_cat_3_block_319_row_y_seats/'
2026-06-07T02:31:27.753056+00:00,'Reddit r/WorldCup2026Tickets','New Zealand / Iran June 15th - Category 1 tickets. $535USD each','','',535.0,'',USD,'https://www.reddit.com/r/WorldCup2026Tickets/comments/1typr6l/new_zealand_iran_june_15th_category_1_tickets/'
2026-06-07T02:36:14.713325+00:00,'Reddit r/WorldCup2026Tickets','Selling France vs Senegal ($600)','','',600.0,'',USD,'https://www.reddit.com/r/WorldCup2026Tickets/comments/1tyz31h/selling_france_vs_senegal_600/'
2026-06-07T02:36:14.713325+00:00,'Reddit r/WorldCup2026Tickets','M26 Switzerland vs Bosnia and Herzegovina- Sofi Stadium $320/ticket','','',320.0,'',USD,'https://www.reddit.com/r/WorldCup2026Tickets/comments/1tywwtu/m26_switzerland_vs_bosnia_and_herzegovina_sofi/'
2026-06-07T02:36:14.713325+00:00,'Reddit r/WorldCup2026Tickets','4 Tickets Switzerland vs Bosnia - $375 each, Category 1','','',375.0,'',USD,'https://www.reddit.com/r/WorldCup2026Tickets/comments/1tysqq8/4_tickets_switzerland_vs_bosnia_375_each_category/'
2026-06-07T02:36:14.713325+00:00,'Reddit r/WorldCup2026Tickets',"Still have ticket for Switzerland vs qatar it's bleachers I'm more than likely going but if anyone is interested lmk $22",'','',220.0,'',USD,'https://www.reddit.com/r/WorldCup2026Tickets/comments/1twp5ti/still_have_ticket_for_switzerland_vs_qatar_its/'
2026-06-07T02:36:14.713325+00:00,'Reddit r/WorldCup2026Tickets','Selling 2x USA vs AUS, Cat 3, Block 319, Row Y, Seats 5 & 6, $2000 Each, Open to Negotiate','','',2000.0,'',USD,'https://www.reddit.com/r/WorldCup2026Tickets/comments/1tyvr36/selling_2x_usa_vs_aus_cat_3_block_319_row_y_seats/'
2026-06-07T02:36:14.713325+00:00,'Reddit r/WorldCup2026Tickets','New Zealand / Iran June 15th - Category 1 tickets. $535USD each','','',535.0,'',USD,'https://www.reddit.com/r/WorldCup2026Tickets/comments/1typr6l/new_zealand_iran_june_15th_category_1_tickets/'
2026-06-07T02:47:48.626675+00:00,'Reddit r/WorldCup2026Tickets','Selling France vs Senegal ($600)','','',600.0,'',USD,'https://www.reddit.com/r/WorldCup2026Tickets/comments/1tyz31h/selling_france_vs_senegal_600/'
2026-06-07T02:47:48.626675+00:00,'Reddit r/WorldCup2026Tickets','M26 Switzerland vs Bosnia and Herzegovina- Sofi Stadium $320/ticket','','',320.0,'',USD,'https://www.reddit.com/r/WorldCup2026Tickets/comments/1tywwtu/m26_switzerland_vs_bosnia_and_herzegovina_sofi/'
2026-06-07T02:47:48.626675+00:00,'Reddit r/WorldCup2026Tickets','4 Tickets Switzerland vs Bosnia - $375 each, Category 1','','',375.0,'',USD,'https://www.reddit.com/r/WorldCup2026Tickets/comments/1tysqq8/4_tickets_switzerland_vs_bosnia_375_each_category/'
2026-06-07T02:47:48.626675+00:00,'Reddit r/WorldCup2026Tickets',"Still have ticket for Switzerland vs qatar it's bleachers I'm more than likely going but if anyone is interested lmk $22",'','',220.0,'',USD,'https://www.reddit.com/r/WorldCup2026Tickets/comments/1twp5ti/still_have_ticket_for_switzerland_vs_qatar_its/'
2026-06-07T02:47:48.626675+00:00,'Reddit r/WorldCup2026Tickets','Selling 2x USA vs AUS, Cat 3, Block 319, Row Y, Seats 5 & 6, $2000 Each, Open to Negotiate','','',2000.0,'',USD,'https://www.reddit.com/r/WorldCup2026Tickets/comments/1tyvr36/selling_2x_usa_vs_aus_cat_3_block_319_row_y_seats/'
2026-06-07T02:47:48.626675+00:00,'Reddit r/WorldCup2026Tickets','New Zealand / Iran June 15th - Category 1 tickets. $535USD each','','',535.0,'',USD,'https://www.reddit.com/r/WorldCup2026Tickets/comments/1typr6l/new_zealand_iran_june_15th_category_1_tickets/'
2026-06-07T02:48:28.803731+00:00,'Reddit r/WorldCup2026Tickets','Selling France vs Senegal ($600)','','',600.0,'',USD,'https://www.reddit.com/r/WorldCup2026Tickets/comments/1tyz31h/selling_france_vs_senegal_600/'
2026-06-07T02:48:28.803731+00:00,'Reddit r/WorldCup2026Tickets','M26 Switzerland vs Bosnia and Herzegovina- Sofi Stadium $320/ticket','','',320.0,'',USD,'https://www.reddit.com/r/WorldCup2026Tickets/comments/1tywwtu/m26_switzerland_vs_bosnia_and_herzegovina_sofi/'
2026-06-07T02:48:28.803731+00:00,'Reddit r/WorldCup2026Tickets','4 Tickets Switzerland vs Bosnia - $375 each, Category 1','','',375.0,'',USD,'https://www.reddit.com/r/WorldCup2026Tickets/comments/1tysqq8/4_tickets_switzerland_vs_bosnia_375_each_category/'
2026-06-07T02:48:28.803731+00:00,'Reddit r/WorldCup2026Tickets',"Still have ticket for Switzerland vs qatar it's bleachers I'm more than likely going but if anyone is interested lmk $22",'','',220.0,'',USD,'https://www.reddit.com/r/WorldCup2026Tickets/comments/1twp5ti/still_have_ticket_for_switzerland_vs_qatar_its/'
2026-06-07T02:48:28.803731+00:00,'Reddit r/WorldCup2026Tickets','Selling 2x USA vs AUS, Cat 3, Block 319, Row Y, Seats 5 & 6, $2000 Each, Open to Negotiate','','',2000.0,'',USD,'https://www.reddit.com/r/WorldCup2026Tickets/comments/1tyvr36/selling_2x_usa_vs_aus_cat_3_block_319_row_y_seats/'
2026-06-07T02:48:28.803731+00:00,'Reddit r/WorldCup2026Tickets','New Zealand / Iran June 15th - Category 1 tickets. $535USD each','','',535.0,'',USD,'https://www.reddit.com/r/WorldCup2026Tickets/comments/1typr6l/new_zealand_iran_june_15th_category_1_tickets/'
2026-06-07T02:58:25.440652+00:00,'StubHub','United States vs Paraguay - World Cup - Group D (Match 4)','2026-06-12T18:00:00','SoFi Stadium',645.0,'',USD,'https://www.stubhub.com/world-cup-inglewood-tickets-6-12-2026/event/153020709/'
2026-06-07T02:58:25.440652+00:00,'StubHub','Qatar vs Switzerland - World Cup - Group B (Match 8)','2026-06-13T12:00:00',"Levi's Stadium",202.37,'',USD,'https://www.stubhub.com/world-cup-santa-clara-tickets-6-13-2026/event/153020611/'
2026-06-07T02:58:25.440652+00:00,'Reddit r/WorldCup2026Tickets','M26 Switzerland vs Bosnia and Herzegovina- Sofi Stadium $320/ticket','','',320.0,'',USD,'https://www.reddit.com/r/WorldCup2026Tickets/comments/1tywwtu/m26_switzerland_vs_bosnia_and_herzegovina_sofi/'
2026-06-07T02:58:25.440652+00:00,'Reddit r/WorldCup2026Tickets','4 Tickets Switzerland vs Bosnia - $375 each, Category 1','','',375.0,'',USD,'https://www.reddit.com/r/WorldCup2026Tickets/comments/1tysqq8/4_tickets_switzerland_vs_bosnia_375_each_category/'
2026-06-07T02:58:25.440652+00:00,'Reddit r/WorldCup2026Tickets','Selling: Switzerland vs. Bosnia and Herzegovina. June 18th 12pm. Sec 315. Row 8, Seat 1 - $400 (Face Value)','','',400.0,'',USD,'https://www.reddit.com/r/WorldCup2026Tickets/comments/1tx25ta/selling_switzerland_vs_bosnia_and_herzegovina/'
2026-06-07T02:58:25.440652+00:00,'Reddit r/WorldCup2026Tickets',"Still have ticket for Switzerland vs qatar it's bleachers I'm more than likely going but if anyone is interested lmk $22",'','',220.0,'',USD,'https://www.reddit.com/r/WorldCup2026Tickets/comments/1twp5ti/still_have_ticket_for_switzerland_vs_qatar_its/'
2026-06-07T02:59:39.889225+00:00,'StubHub','United States vs Paraguay - World Cup - Group D (Match 4)','2026-06-12T18:00:00','SoFi Stadium',645.0,'',USD,'https://www.stubhub.com/world-cup-inglewood-tickets-6-12-2026/event/153020709/'
2026-06-07T02:59:39.889225+00:00,'StubHub','Qatar vs Switzerland - World Cup - Group B (Match 8)','2026-06-13T12:00:00',"Levi's Stadium",202.37,'',USD,'https://www.stubhub.com/world-cup-santa-clara-tickets-6-13-2026/event/153020611/'
2026-06-07T02:59:39.889225+00:00,'VividSeats','Qatar vs Switzerland - World Cup - Match 8 (Group B)','2026-06-13T12:00:00',"Levi's Stadium",212.8,9613,USD,'https://www.vividseats.com/tickets/production/5080444'
2026-06-07T02:59:39.889225+00:00,'VividSeats','Switzerland vs Bosnia-Herzegovina - World Cup - Match 26 (Group B)','2026-06-18T12:00:00','SoFi Stadium',224.2,52788,USD,'https://www.vividseats.com/tickets/production/5080473'
2026-06-07T02:59:39.889225+00:00,'VividSeats','Canada vs Switzerland - World Cup - Match 51 (Group B)','2026-06-24T12:00:00','BC Place Stadium',455.05,7067,USD,'https://www.vividseats.com/tickets/production/5080604'
2026-06-07T02:59:39.889225+00:00,'VividSeats','USA vs Paraguay - World Cup - Match 4 (Group D)','2026-06-12T18:00:00','SoFi Stadium',603.25,25439,USD,'https://www.vividseats.com/tickets/production/5080437'
2026-06-07T02:59:39.889225+00:00,'VividSeats','Iran vs New Zealand - World Cup - Match 15 (Group G)','2026-06-15T18:00:00','SoFi Stadium',180.5,40606,USD,'https://www.vividseats.com/tickets/production/5080456'
2026-06-07T02:59:39.889225+00:00,'VividSeats','Belgium vs Iran - World Cup - Match 39 (Group G)','2026-06-21T12:00:00','SoFi Stadium',263.15,48728,USD,'https://www.vividseats.com/tickets/production/5080498'
2026-06-07T02:59:39.889225+00:00,'VividSeats','USA vs Turkey - World Cup - Match 59 (Group D)','2026-06-25T19:00:00','SoFi Stadium',604.0,77152,USD,'https://www.vividseats.com/tickets/production/5080656'
2026-06-07T02:59:39.889225+00:00,'VividSeats','2026 World Cup - Match 73','2026-06-28T12:00:00','SoFi Stadium',511.1,21116,USD,'https://www.vividseats.com/tickets/production/5080724'
2026-06-07T02:59:39.889225+00:00,'VividSeats','2026 World Cup - Match 84','2026-07-02T12:00:00','SoFi Stadium',559.55,21116,USD,'https://www.vividseats.com/tickets/production/5080836'
2026-06-07T02:59:39.889225+00:00,'VividSeats','2026 World Cup - Match 98 (Quarter-Final)','2026-07-10T12:00:00','SoFi Stadium',1119.1,22446,USD,'https://www.vividseats.com/tickets/production/5080864'
2026-06-07T02:59:39.889225+00:00,'Reddit r/WorldCup2026Tickets','M26 Switzerland vs Bosnia and Herzegovina- Sofi Stadium $320/ticket','','',320.0,'',USD,'https://www.reddit.com/r/WorldCup2026Tickets/comments/1tywwtu/m26_switzerland_vs_bosnia_and_herzegovina_sofi/'
2026-06-07T02:59:39.889225+00:00,'Reddit r/WorldCup2026Tickets','4 Tickets Switzerland vs Bosnia - $375 each, Category 1','','',375.0,'',USD,'https://www.reddit.com/r/WorldCup2026Tickets/comments/1tysqq8/4_tickets_switzerland_vs_bosnia_375_each_category/'
2026-06-07T02:59:39.889225+00:00,'Reddit r/WorldCup2026Tickets','Selling: Switzerland vs. Bosnia and Herzegovina. June 18th 12pm. Sec 315. Row 8, Seat 1 - $400 (Face Value)','','',400.0,'',USD,'https://www.reddit.com/r/WorldCup2026Tickets/comments/1tx25ta/selling_switzerland_vs_bosnia_and_herzegovina/'
2026-06-07T02:59:39.889225+00:00,'Reddit r/WorldCup2026Tickets',"Still have ticket for Switzerland vs qatar it's bleachers I'm more than likely going but if anyone is interested lmk $22",'','',220.0,'',USD,'https://www.reddit.com/r/WorldCup2026Tickets/comments/1twp5ti/still_have_ticket_for_switzerland_vs_qatar_its/'
2026-06-07T03:26:08.448988+00:00,'VividSeats','Qatar vs Switzerland - World Cup - Match 8 (Group B)','2026-06-13T12:00:00',"Levi's Stadium",303.86,9613,USD,'https://www.vividseats.com/world-cup-soccer-tickets-levis-stadium-6-13-2026--sports-soccer/production/5080444'
2026-06-07T03:26:08.448988+00:00,'VividSeats','Switzerland vs Bosnia-Herzegovina - World Cup - Match 26 (Group B)','2026-06-18T12:00:00','SoFi Stadium',305.04,52788,USD,'https://www.vividseats.com/world-cup-soccer-tickets-sofi-stadium-6-18-2026--sports-soccer/production/5080473'
2026-06-07T03:26:08.448988+00:00,'VividSeats','Canada vs Switzerland - World Cup - Match 51 (Group B)','2026-06-24T12:00:00','BC Place Stadium',572.85,7067,USD,'https://www.vividseats.com/world-cup-soccer-tickets-bc-place-stadium-6-24-2026--sports-soccer/production/5080604'
2026-06-07T03:26:08.448988+00:00,'VividSeats','USA vs Paraguay - World Cup - Match 4 (Group D)','2026-06-12T18:00:00','SoFi Stadium',815.84,25439,USD,'https://www.vividseats.com/world-cup-soccer-tickets-sofi-stadium-6-12-2026--sports-soccer/production/5080437'
2026-06-07T03:26:08.448988+00:00,'VividSeats','Iran vs New Zealand - World Cup - Match 15 (Group G)','2026-06-15T18:00:00','SoFi Stadium',245.18,40606,USD,'https://www.vividseats.com/world-cup-soccer-tickets-sofi-stadium-6-15-2026--sports-soccer/production/5080456'
2026-06-07T03:26:08.448988+00:00,'VividSeats','Belgium vs Iran - World Cup - Match 39 (Group G)','2026-06-21T12:00:00','SoFi Stadium',357.36,48728,USD,'https://www.vividseats.com/world-cup-soccer-tickets-sofi-stadium-6-21-2026--sports-soccer/production/5080498'
2026-06-07T03:26:08.448988+00:00,'VividSeats','USA vs Turkey - World Cup - Match 59 (Group D)','2026-06-25T19:00:00','SoFi Stadium',817.88,77152,USD,'https://www.vividseats.com/world-cup-soccer-tickets-sofi-stadium-6-25-2026--sports-soccer/production/5080656'
2026-06-07T03:26:08.448988+00:00,'VividSeats','2026 World Cup - Match 73','2026-06-28T12:00:00','SoFi Stadium',691.21,21116,USD,'https://www.vividseats.com/world-cup-soccer-tickets-sofi-stadium-6-28-2026--sports-soccer/production/5080724'
2026-06-07T03:26:08.448988+00:00,'VividSeats','2026 World Cup - Match 84','2026-07-02T12:00:00','SoFi Stadium',832.94,21116,USD,'https://www.vividseats.com/world-cup-soccer-tickets-sofi-stadium-7-2-2026--sports-soccer/production/5080836'
2026-06-07T03:26:08.448988+00:00,'VividSeats','2026 World Cup - Match 98 (Quarter-Final)','2026-07-10T12:00:00','SoFi Stadium',1512.39,22446,USD,'https://www.vividseats.com/world-cup-soccer-tickets-sofi-stadium-7-10-2026--sports-soccer/production/5080864'
2026-06-07T03:26:08.448988+00:00,'Reddit r/WorldCup2026Tickets','M26 Switzerland vs Bosnia and Herzegovina- Sofi Stadium $320/ticket','','',320.0,'',USD,'https://www.reddit.com/r/WorldCup2026Tickets/comments/1tywwtu/m26_switzerland_vs_bosnia_and_herzegovina_sofi/'
2026-06-07T03:26:08.448988+00:00,'Reddit r/WorldCup2026Tickets','4 Tickets Switzerland vs Bosnia - $375 each, Category 1','','',375.0,'',USD,'https://www.reddit.com/r/WorldCup2026Tickets/comments/1tysqq8/4_tickets_switzerland_vs_bosnia_375_each_category/'
2026-06-07T03:26:08.448988+00:00,'Reddit r/WorldCup2026Tickets','Selling: Switzerland vs. Bosnia and Herzegovina. June 18th 12pm. Sec 315. Row 8, Seat 1 - $400 (Face Value)','','',400.0,'',USD,'https://www.reddit.com/r/WorldCup2026Tickets/comments/1tx25ta/selling_switzerland_vs_bosnia_and_herzegovina/'
2026-06-07T03:36:08.115907+00:00,'Ticketmaster','Qatar vs Switzerland - World Cup - Match 8 (Group B)','2026-06-13',"Levi's Stadium",479.57,'',USD,'https://www.ticketmaster.com/event/Z7r9jZ1A7433K'
2026-06-07T03:36:08.115907+00:00,'Ticketmaster','Switzerland vs Bosnia-Herzegovina - World Cup - Match 26 (Group B)','2026-06-18','SoFi Stadium',441.65,'',USD,'https://www.ticketmaster.com/event/Z7r9jZ1A743f3'
2026-06-07T03:36:08.115907+00:00,'Ticketmaster','USA vs Paraguay - World Cup - Match 4 (Group D)','2026-06-12','SoFi Stadium',954.72,'',USD,'https://www.ticketmaster.com/event/Z7r9jZ1A74333'
2026-06-07T03:36:08.115907+00:00,'Ticketmaster','Iran vs New Zealand - World Cup - Match 15 (Group G)','2026-06-15','SoFi Stadium',352.24,'',USD,'https://www.ticketmaster.com/event/Z7r9jZ1A743fe'
2026-06-07T03:36:08.115907+00:00,'Ticketmaster','Belgium vs Iran - World Cup - Match 39 (Group G)','2026-06-21','SoFi Stadium',377.23,'',USD,'https://www.ticketmaster.com/event/Z7r9jZ1A743fN'
2026-06-07T03:36:08.115907+00:00,'Ticketmaster','USA vs Turkey - World Cup - Match 59 (Group D)','2026-06-25','SoFi Stadium',965.58,'',USD,'https://www.ticketmaster.com/event/Z7r9jZ1A7434Z'
2026-06-07T03:36:08.115907+00:00,'Ticketmaster','World Cup Round of 32: 2A vs. 2B (Match 73)','2026-06-28','SoFi Stadium',925.82,'',USD,'https://www.ticketmaster.com/event/Z7r9jZ1A7434f'
2026-06-07T03:36:08.115907+00:00,'Ticketmaster','World Cup Round of 32: 1H vs. 2J (Match 84)','2026-07-02','SoFi Stadium',1205.16,'',USD,'https://www.ticketmaster.com/event/Z7r9jZ1A7434N'
2026-06-07T03:36:08.115907+00:00,'Ticketmaster','World Cup Quarterfinals: W93 vs. W94 (Match 98)','2026-07-10','SoFi Stadium',1890.02,'',USD,'https://www.ticketmaster.com/event/Z7r9jZ1A7434U'
2026-06-07T03:36:08.115907+00:00,'StubHub','United States vs Paraguay - World Cup - Group D (Match 4)','2026-06-12T18:00:00','SoFi Stadium',542.39,'',USD,'https://www.stubhub.com/world-cup-inglewood-tickets-6-12-2026/event/153020709/'
2026-06-07T03:36:08.115907+00:00,'StubHub','Qatar vs Switzerland - World Cup - Group B (Match 8)','2026-06-13T12:00:00',"Levi's Stadium",190.92,'',USD,'https://www.stubhub.com/world-cup-santa-clara-tickets-6-13-2026/event/153020611/'
2026-06-07T03:36:08.115907+00:00,'VividSeats','Qatar vs Switzerland - World Cup - Match 8 (Group B)','2026-06-13T12:00:00',"Levi's Stadium",303.86,9613,USD,'https://www.vividseats.com/world-cup-soccer-tickets-levis-stadium-6-13-2026--sports-soccer/production/5080444'
2026-06-07T03:36:08.115907+00:00,'VividSeats','Switzerland vs Bosnia-Herzegovina - World Cup - Match 26 (Group B)','2026-06-18T12:00:00','SoFi Stadium',305.04,52788,USD,'https://www.vividseats.com/world-cup-soccer-tickets-sofi-stadium-6-18-2026--sports-soccer/production/5080473'
2026-06-07T03:36:08.115907+00:00,'VividSeats','Canada vs Switzerland - World Cup - Match 51 (Group B)','2026-06-24T12:00:00','BC Place Stadium',572.85,7067,USD,'https://www.vividseats.com/world-cup-soccer-tickets-bc-place-stadium-6-24-2026--sports-soccer/production/5080604'
2026-06-07T03:36:08.115907+00:00,'VividSeats','USA vs Paraguay - World Cup - Match 4 (Group D)','2026-06-12T18:00:00','SoFi Stadium',815.84,25439,USD,'https://www.vividseats.com/world-cup-soccer-tickets-sofi-stadium-6-12-2026--sports-soccer/production/5080437'
2026-06-07T03:36:08.115907+00:00,'VividSeats','Iran vs New Zealand - World Cup - Match 15 (Group G)','2026-06-15T18:00:00','SoFi Stadium',245.18,40606,USD,'https://www.vividseats.com/world-cup-soccer-tickets-sofi-stadium-6-15-2026--sports-soccer/production/5080456'
2026-06-07T03:36:08.115907+00:00,'VividSeats','Belgium vs Iran - World Cup - Match 39 (Group G)','2026-06-21T12:00:00','SoFi Stadium',349.7,48728,USD,'https://www.vividseats.com/world-cup-soccer-tickets-sofi-stadium-6-21-2026--sports-soccer/production/5080498'
2026-06-07T03:36:08.115907+00:00,'VividSeats','USA vs Turkey - World Cup - Match 59 (Group D)','2026-06-25T19:00:00','SoFi Stadium',817.88,77152,USD,'https://www.vividseats.com/world-cup-soccer-tickets-sofi-stadium-6-25-2026--sports-soccer/production/5080656'
2026-06-07T03:36:08.115907+00:00,'VividSeats','2026 World Cup - Match 73','2026-06-28T12:00:00','SoFi Stadium',691.21,21116,USD,'https://www.vividseats.com/world-cup-soccer-tickets-sofi-stadium-6-28-2026--sports-soccer/production/5080724'
2026-06-07T03:36:08.115907+00:00,'VividSeats','2026 World Cup - Match 84','2026-07-02T12:00:00','SoFi Stadium',832.94,21116,USD,'https://www.vividseats.com/world-cup-soccer-tickets-sofi-stadium-7-2-2026--sports-soccer/production/5080836'
2026-06-07T03:36:08.115907+00:00,'VividSeats','2026 World Cup - Match 98 (Quarter-Final)','2026-07-10T12:00:00','SoFi Stadium',1512.39,22446,USD,'https://www.vividseats.com/world-cup-soccer-tickets-sofi-stadium-7-10-2026--sports-soccer/production/5080864'
2026-06-07T03:36:08.115907+00:00,'Reddit r/WorldCup2026Tickets','M26 Switzerland vs Bosnia and Herzegovina- Sofi Stadium $320/ticket','','',320.0,'',USD,'https://www.reddit.com/r/WorldCup2026Tickets/comments/1tywwtu/m26_switzerland_vs_bosnia_and_herzegovina_sofi/'
2026-06-07T03:36:08.115907+00:00,'Reddit r/WorldCup2026Tickets','4 Tickets Switzerland vs Bosnia - $375 each, Category 1','','',375.0,'',USD,'https://www.reddit.com/r/WorldCup2026Tickets/comments/1tysqq8/4_tickets_switzerland_vs_bosnia_375_each_category/'
2026-06-07T03:36:08.115907+00:00,'Reddit r/WorldCup2026Tickets','Selling: Switzerland vs. Bosnia and Herzegovina. June 18th 12pm. Sec 315. Row 8, Seat 1 - $400 (Face Value)','','',400.0,'',USD,'https://www.reddit.com/r/WorldCup2026Tickets/comments/1tx25ta/selling_switzerland_vs_bosnia_and_herzegovina/'
2026-06-07T04:26:38.938904+00:00,'VividSeats','Qatar vs Switzerland - World Cup - Match 8 (Group B)','2026-06-13T12:00:00',"Levi's Stadium",303.86,9613,USD,'https://www.vividseats.com/world-cup-soccer-tickets-levis-stadium-6-13-2026--sports-soccer/production/5080444'
2026-06-07T04:26:38.938904+00:00,'VividSeats','Switzerland vs Bosnia-Herzegovina - World Cup - Match 26 (Group B)','2026-06-18T12:00:00','SoFi Stadium',305.04,52788,USD,'https://www.vividseats.com/world-cup-soccer-tickets-sofi-stadium-6-18-2026--sports-soccer/production/5080473'
2026-06-07T04:26:38.938904+00:00,'VividSeats','Canada vs Switzerland - World Cup - Match 51 (Group B)','2026-06-24T12:00:00','BC Place Stadium',572.85,7067,USD,'https://www.vividseats.com/world-cup-soccer-tickets-bc-place-stadium-6-24-2026--sports-soccer/production/5080604'
2026-06-07T04:26:38.938904+00:00,'VividSeats','USA vs Paraguay - World Cup - Match 4 (Group D)','2026-06-12T18:00:00','SoFi Stadium',815.84,25439,USD,'https://www.vividseats.com/world-cup-soccer-tickets-sofi-stadium-6-12-2026--sports-soccer/production/5080437'
2026-06-07T04:26:38.938904+00:00,'VividSeats','Iran vs New Zealand - World Cup - Match 15 (Group G)','2026-06-15T18:00:00','SoFi Stadium',245.18,40606,USD,'https://www.vividseats.com/world-cup-soccer-tickets-sofi-stadium-6-15-2026--sports-soccer/production/5080456'
2026-06-07T04:26:38.938904+00:00,'VividSeats','Belgium vs Iran - World Cup - Match 39 (Group G)','2026-06-21T12:00:00','SoFi Stadium',357.36,48728,USD,'https://www.vividseats.com/world-cup-soccer-tickets-sofi-stadium-6-21-2026--sports-soccer/production/5080498'
2026-06-07T04:26:38.938904+00:00,'VividSeats','USA vs Turkey - World Cup - Match 59 (Group D)','2026-06-25T19:00:00','SoFi Stadium',817.88,77152,USD,'https://www.vividseats.com/world-cup-soccer-tickets-sofi-stadium-6-25-2026--sports-soccer/production/5080656'
2026-06-07T04:26:38.938904+00:00,'VividSeats','2026 World Cup - Match 73','2026-06-28T12:00:00','SoFi Stadium',691.21,21116,USD,'https://www.vividseats.com/world-cup-soccer-tickets-sofi-stadium-6-28-2026--sports-soccer/production/5080724'
2026-06-07T04:26:38.938904+00:00,'VividSeats','2026 World Cup - Match 84','2026-07-02T12:00:00','SoFi Stadium',832.94,21116,USD,'https://www.vividseats.com/world-cup-soccer-tickets-sofi-stadium-7-2-2026--sports-soccer/production/5080836'
2026-06-07T04:26:38.938904+00:00,'VividSeats','2026 World Cup - Match 98 (Quarter-Final)','2026-07-10T12:00:00','SoFi Stadium',1512.39,22446,USD,'https://www.vividseats.com/world-cup-soccer-tickets-sofi-stadium-7-10-2026--sports-soccer/production/5080864'
2026-06-07T04:26:38.938904+00:00,'Reddit r/WorldCup2026Tickets','M26 Switzerland vs Bosnia and Herzegovina- Sofi Stadium $320/ticket','','',320.0,'',USD,'https://www.reddit.com/r/WorldCup2026Tickets/comments/1tywwtu/m26_switzerland_vs_bosnia_and_herzegovina_sofi/'
2026-06-07T04:26:38.938904+00:00,'Reddit r/WorldCup2026Tickets','4 Tickets Switzerland vs Bosnia - $375 each, Category 1','','',375.0,'',USD,'https://www.reddit.com/r/WorldCup2026Tickets/comments/1tysqq8/4_tickets_switzerland_vs_bosnia_375_each_category/'
2026-06-07T04:26:38.938904+00:00,'Reddit r/WorldCup2026Tickets','Selling: Switzerland vs. Bosnia and Herzegovina. June 18th 12pm. Sec 315. Row 8, Seat 1 - $400 (Face Value)','','',400.0,'',USD,'https://www.reddit.com/r/WorldCup2026Tickets/comments/1tx25ta/selling_switzerland_vs_bosnia_and_herzegovina/'
